{
  "unit": 1,
  "unit_name": "food basics",
  "chapter": 1,
  "chapter_name": "food by course",
  "category": "food",
  "difficulty": "intermediate",
  "content": {
    "main_text": "Learn about different food courses and their characteristics.",
    "section_1_title": "Introduction",
    "section_1_content": "Understanding food courses is essential for proper menu organization and service.",
    "section_2_title": "Course Types",
    "section_2_content": "Common course types include appetizers, entrees, desserts, and more.",
    "section_3_title": "Importance",
    "section_3_content": "Knowing course types helps with menu organization and customer service."
  },
  "createdBy": "33333333-3333-3333-3333-333333333301",
  "lastModifiedBy": "33333333-3333-3333-3333-333333333301",
  "menu_items": [
    "11111111-1111-1111-1111-111111111111"
  ],
  "questions": [
    {
      "question_text": "What food course does {dish_name} belong to?",
      "question_type": "single_select",
      "options_variable": {
        "source": "config.validDishTypes",
        "filter": "course => course !== current_dish.type",
        "limit": 3
      },
      "correct_answer_variable": {
        "source": "current_dish.type"
      },
      "placeholders": {
        "dish_name": "link_to_restaurant.current_dishes[{dish_id}].name"
      },
      "repeat_for": {
        "source": "link_to_restaurant.current_dishes",
        "key_variable": "dish_id"
      },
      "difficulty": "easy",
      "hint": "Review your menu to determine which course this dish belongs to, then select the correct option from the choices provided."
    }
  ]
}