{
  "unit": 1,
  "unit_name": "wine Basics",
  "chapter": 1,
  "chapter_name": "Wine Varietals, Types, and Labels",
  "category":"wine",
  "difficulty": "intermediate",
  "questions": [
    {
      "question_text": "Please choose the correct primary grape varietal for {producer_name}, {product_name}, {label_image}.",
      "question_type": "single_select",
      "options_variable": "shuffle(link_to_restaurant.current_wines.filter(wine => wine._id !== '{wine_id}').map(wine => wine.varietals[0]).filter(varietal => varietal !== link_to_restaurant.current_wines[{wine_id}].varietals[0])).slice(0, 3)",
      "correct_answer_variable": "link_to_restaurant.current_wines[{wine_id}].varietals[0]",
      "placeholders": {
        "producer_name": "link_to_restaurant.current_wines[{wine_id}].producer_name",
        "product_name": "link_to_restaurant.current_wines[{wine_id}].product_name",
        "label_image": "link_to_restaurant.current_wines[{wine_id}].image_url"
      },
      "repeat_for": {
        "source": "link_to_restaurant.current_wines",
        "key_variable": "wine_id"
      },
      "difficulty": "easy",
      "hint": "The primary grape varietal is usually the first listed grape in the wine's varietals. Review the label details and select the grape that is most prominently featured."
    },
    {
      "question_text": "Is {producer_name}, {product_name}, {label_image} made from a single grape or a blend of grapes?",
      "question_type": "single_select",
      "options_variable": ["Single Grape", "Blend"],
      "correct_answer_variable": "link_to_restaurant.current_wines[{wine_id}].varietals.length > 1 ? 'Blend' : 'Single Grape'",
      "placeholders": {
        "producer_name": "link_to_restaurant.current_wines[{wine_id}].producer_name",
        "product_name": "link_to_restaurant.current_wines[{wine_id}].product_name",
        "label_image": "link_to_restaurant.current_wines[{wine_id}].image_url"
      },
      "repeat_for": {
        "source": "link_to_restaurant.current_wines",
        "key_variable": "wine_id"
      },
      "difficulty": "medium",
      "hint": "If more than one grape varietal is listed, the wine is a blend; otherwise, it's made from a single grape."
    },
    {
      "question_text": "Please choose the correct wine type for {producer_name}, {product_name}, {label_image}.",
      "question_type": "single_select",
      "options_variable": "shuffle($config.wineCategories.filter(category => category !== link_to_restaurant.current_wines[{wine_id}].category)).slice(0, 3)",
      "correct_answer_variable": "link_to_restaurant.current_wines[{wine_id}].category",
      "placeholders": {
        "producer_name": "link_to_restaurant.current_wines[{wine_id}].producer_name",
        "product_name": "link_to_restaurant.current_wines[{wine_id}].product_name",
        "label_image": "link_to_restaurant.current_wines[{wine_id}].image_url"
      },
      "repeat_for": {
        "source": "link_to_restaurant.current_wines",
        "key_variable": "wine_id"
      },
      "difficulty": "easy",
      "hint": "Select the wine type (e.g., Red, White, Rosé, or Sparkling) that matches the wine's label."
    },
    {
      "question_text": "Which producer makes this wine label {label_image}?",
      "question_type": "single_select",
      "options_variable": "shuffle(link_to_restaurant.current_wines.filter(wine => wine._id !== '{wine_id}').map(wine => wine.producer_name).filter(producer => producer !== link_to_restaurant.current_wines[{wine_id}].producer_name)).slice(0, 3)",
      "correct_answer_variable": "link_to_restaurant.current_wines[{wine_id}].producer_name",
      "placeholders": {
        "label_image": "link_to_restaurant.current_wines[{wine_id}].image_url"
      },
      "repeat_for": {
        "source": "link_to_restaurant.current_wines",
        "key_variable": "wine_id"
      },
      "difficulty": "medium",
      "hint": "Examine the wine label and select the producer name that appears on it."
    },
    {
      "question_text": "Please choose the correct wine label for {producer_name}, {product_name}.",
      "question_type": "single_select",
      "options_variable": "shuffle(link_to_restaurant.current_wines.filter(wine => wine._id !== '{wine_id}').map(wine => wine.image_url).filter(label => label !== link_to_restaurant.current_wines[{wine_id}].image_url)).slice(0, 3)",
      "correct_answer_variable": "link_to_restaurant.current_wines[{wine_id}].image_url",
      "placeholders": {
        "producer_name": "link_to_restaurant.current_wines[{wine_id}].producer_name",
        "product_name": "link_to_restaurant.current_wines[{wine_id}].product_name"
      },
      "repeat_for": {
        "source": "link_to_restaurant.current_wines",
        "key_variable": "wine_id"
      },
      "difficulty": "medium",
      "hint": "Compare the wine labels and choose the one that matches the product details provided."
    }
  ]
}
